pair,dockq_mean_s,dockq_median_s,pdb_cpp_mean_s,pdb_cpp_median_s,speedup_dockq_over_pdb_cpp,runs,warmup,mode
1rxz_colabfold_vs_1rxz,0.24483664533181582,0.2409267889961484,0.02437691066976792,0.023582239999086596,10.043793024005318,3,1,end-to-end
model_vs_native,0.3366961510037072,0.3407984130026307,0.11240141500214425,0.11155730300379219,2.9954796476297396,3,1,end-to-end
1jd4_vs_5m6n,0.25117829399823677,0.2438434910000069,0.017234069334032636,0.016500526005984284,14.574520337006387,3,1,end-to-end
